config_id,row_index,c0,c1,c2,c3,c4,c5,c6,c7,c8,c9,c10,c11,c12,c13,c14
K01,0,128,,,,,,,,,,,,,,
K02,0,0,128,0,,,,,,,,,,,,
K02,1,128,128,128,,,,,,,,,,,,
K02,2,0,128,0,,,,,,,,,,,,
K03,0,128,128,128,,,,,,,,,,,,
K03,1,128,128,128,,,,,,,,,,,,
K03,2,128,128,128,,,,,,,,,,,,
K04,0,21,52,21,,,,,,,,,,,,
K04,1,52,128,52,,,,,,,,,,,,
K04,2,21,52,21,,,,,,,,,,,,
K05,0,0,0,128,0,0,,,,,,,,,,
K05,1,0,0,128,0,0,,,,,,,,,,
K05,2,128,128,128,128,128,,,,,,,,,,
K05,3,0,0,128,0,0,,,,,,,,,,
K05,4,0,0,128,0,0,,,,,,,,,,
K06,0,128,128,128,128,128,,,,,,,,,,
K06,1,128,128,128,128,128,,,,,,,,,,
K06,2,128,128,128,128,128,,,,,,,,,,
K06,3,128,128,128,128,128,,,,,,,,,,
K06,4,128,128,128,128,128,,,,,,,,,,
K07,0,9,25,35,25,9,,,,,,,,,,
K07,1,25,67,92,67,25,,,,,,,,,,
K07,2,35,92,128,92,35,,,,,,,,,,
K07,3,25,67,92,67,25,,,,,,,,,,
K07,4,9,25,35,25,9,,,,,,,,,,
K08,0,0,0,0,128,0,0,0,,,,,,,,
K08,1,0,0,0,128,0,0,0,,,,,,,,
K08,2,0,0,0,128,0,0,0,,,,,,,,
K08,3,128,128,128,128,128,128,128,,,,,,,,
K08,4,0,0,0,128,0,0,0,,,,,,,,
K08,5,0,0,0,128,0,0,0,,,,,,,,
K08,6,0,0,0,128,0,0,0,,,,,,,,
K09,0,128,128,128,128,128,128,128,,,,,,,,
K09,1,128,128,128,128,128,128,128,,,,,,,,
K09,2,128,128,128,128,128,128,128,,,,,,,,
K09,3,128,128,128,128,128,128,128,,,,,,,,
K09,4,128,128,128,128,128,128,128,,,,,,,,
K09,5,128,128,128,128,128,128,128,,,,,,,,
K09,6,128,128,128,128,128,128,128,,,,,,,,
K10,0,6,15,25,29,25,15,6,,,,,,,,
K10,1,15,34,56,66,56,34,15,,,,,,,,
K10,2,25,56,92,108,92,56,25,,,,,,,,
K10,3,29,66,108,128,108,66,29,,,,,,,,
K10,4,25,56,92,108,92,56,25,,,,,,,,
K10,5,15,34,56,66,56,34,15,,,,,,,,
K10,6,6,15,25,29,25,15,6,,,,,,,,
K11,0,0,0,0,0,0,128,0,0,0,0,0,,,,
K11,1,0,0,0,0,0,128,0,0,0,0,0,,,,
K11,2,0,0,0,0,0,128,0,0,0,0,0,,,,
K11,3,0,0,0,0,0,128,0,0,0,0,0,,,,
K11,4,0,0,0,0,0,128,0,0,0,0,0,,,,
K11,5,128,128,128,128,128,128,128,128,128,128,128,,,,
K11,6,0,0,0,0,0,128,0,0,0,0,0,,,,
K11,7,0,0,0,0,0,128,0,0,0,0,0,,,,
K11,8,0,0,0,0,0,128,0,0,0,0,0,,,,
K11,9,0,0,0,0,0,128,0,0,0,0,0,,,,
K11,10,0,0,0,0,0,128,0,0,0,0,0,,,,
K12,0,128,128,128,128,128,128,128,128,128,128,128,,,,
K12,1,128,128,128,128,128,128,128,128,128,128,128,,,,
K12,2,128,128,128,128,128,128,128,128,128,128,128,,,,
K12,3,128,128,128,128,128,128,128,128,128,128,128,,,,
K12,4,128,128,128,128,128,128,128,128,128,128,128,,,,
K12,5,128,128,128,128,128,128,128,128,128,128,128,,,,
K12,6,128,128,128,128,128,128,128,128,128,128,128,,,,
K12,7,128,128,128,128,128,128,128,128,128,128,128,,,,
K12,8,128,128,128,128,128,128,128,128,128,128,128,,,,
K12,9,128,128,128,128,128,128,128,128,128,128,128,,,,
K12,10,128,128,128,128,128,128,128,128,128,128,128,,,,
K13,0,4,8,13,18,22,24,22,18,13,8,4,,,,
K13,1,8,15,24,34,41,44,41,34,24,15,8,,,,
K13,2,13,24,38,54,66,70,66,54,38,24,13,,,,
K13,3,18,34,54,75,91,98,91,75,54,34,18,,,,
K13,4,22,41,66,91,112,119,112,91,66,41,22,,,,
K13,5,24,44,70,98,119,128,119,98,70,44,24,,,,
K13,6,22,41,66,91,112,119,112,91,66,41,22,,,,
K13,7,18,34,54,75,91,98,91,75,54,34,18,,,,
K13,8,13,24,38,54,66,70,66,54,38,24,13,,,,
K13,9,8,15,24,34,41,44,41,34,24,15,8,,,,
K13,10,4,8,13,18,22,24,22,18,13,8,4,,,,
K14,0,128,128,128,128,128,128,128,128,128,128,128,128,128,128,128
K14,1,128,128,128,128,128,128,128,128,128,128,128,128,128,128,128
K14,2,128,128,128,128,128,128,128,128,128,128,128,128,128,128,128
K14,3,128,128,128,128,128,128,128,128,128,128,128,128,128,128,128
K14,4,128,128,128,128,128,128,128,128,128,128,128,128,128,128,128
K14,5,128,128,128,128,128,128,128,128,128,128,128,128,128,128,128
K14,6,128,128,128,128,128,128,128,128,128,128,128,128,128,128,128
K14,7,128,128,128,128,128,128,128,128,128,128,128,128,128,128,128
K14,8,128,128,128,128,128,128,128,128,128,128,128,128,128,128,128
K14,9,128,128,128,128,128,128,128,128,128,128,128,128,128,128,128
K14,10,128,128,128,128,128,128,128,128,128,128,128,128,128,128,128
K14,11,128,128,128,128,128,128,128,128,128,128,128,128,128,128,128
K14,12,128,128,128,128,128,128,128,128,128,128,128,128,128,128,128
K14,13,128,128,128,128,128,128,128,128,128,128,128,128,128,128,128
K14,14,128,128,128,128,128,128,128,128,128,128,128,128,128,128,128
K15,0,3,6,9,12,16,19,21,22,21,19,16,12,9,6,3
K15,1,6,9,14,20,25,30,34,35,34,30,25,20,14,9,6
K15,2,9,14,21,29,38,45,50,52,50,45,38,29,21,14,9
K15,3,12,20,29,41,52,62,69,72,69,62,52,41,29,20,12
K15,4,16,25,38,52,67,80,89,92,89,80,67,52,38,25,16
K15,5,19,30,45,62,80,96,107,111,107,96,80,62,45,30,19
K15,6,21,34,50,69,89,107,119,123,119,107,89,69,50,34,21
K15,7,22,35,52,72,92,111,123,128,123,111,92,72,52,35,22
K15,8,21,34,50,69,89,107,119,123,119,107,89,69,50,34,21
K15,9,19,30,45,62,80,96,107,111,107,96,80,62,45,30,19
K15,10,16,25,38,52,67,80,89,92,89,80,67,52,38,25,16
K15,11,12,20,29,41,52,62,69,72,69,62,52,41,29,20,12
K15,12,9,14,21,29,38,45,50,52,50,45,38,29,21,14,9
K15,13,6,9,14,20,25,30,34,35,34,30,25,20,14,9,6
K15,14,3,6,9,12,16,19,21,22,21,19,16,12,9,6,3
K16,0,32,64,32,,,,,,,,,,,,
K16,1,64,128,64,,,,,,,,,,,,
K16,2,32,64,32,,,,,,,,,,,,
K17,0,8,16,32,16,8,,,,,,,,,,
K17,1,16,32,64,32,16,,,,,,,,,,
K17,2,32,64,128,64,32,,,,,,,,,,
K17,3,16,32,64,32,16,,,,,,,,,,
K17,4,8,16,32,16,8,,,,,,,,,,
K18,0,2,4,8,16,8,4,2,,,,,,,,
K18,1,4,8,16,32,16,8,4,,,,,,,,
K18,2,8,16,32,64,32,16,8,,,,,,,,
K18,3,16,32,64,128,64,32,16,,,,,,,,
K18,4,8,16,32,64,32,16,8,,,,,,,,
K18,5,4,8,16,32,16,8,4,,,,,,,,
K18,6,2,4,8,16,8,4,2,,,,,,,,
K19,0,0,0,0,1,2,4,2,1,0,0,0,,,,
K19,1,0,0,1,2,4,8,4,2,1,0,0,,,,
K19,2,0,1,2,4,8,16,8,4,2,1,0,,,,
K19,3,1,2,4,8,16,32,16,8,4,2,1,,,,
K19,4,2,4,8,16,32,64,32,16,8,4,2,,,,
K19,5,4,8,16,32,64,128,64,32,16,8,4,,,,
K19,6,2,4,8,16,32,64,32,16,8,4,2,,,,
K19,7,1,2,4,8,16,32,16,8,4,2,1,,,,
K19,8,0,1,2,4,8,16,8,4,2,1,0,,,,
K19,9,0,0,1,2,4,8,4,2,1,0,0,,,,
K19,10,0,0,0,1,2,4,2,1,0,0,0,,,,
K20,0,0,128,0,,,,,,,,,,,,
K20,1,128,256,128,,,,,,,,,,,,
K20,2,0,128,0,,,,,,,,,,,,
K21,0,0,0,128,0,0,,,,,,,,,,
K21,1,0,0,128,0,0,,,,,,,,,,
K21,2,128,128,256,128,128,,,,,,,,,,
K21,3,0,0,128,0,0,,,,,,,,,,
K21,4,0,0,128,0,0,,,,,,,,,,
K22,0,0,0,0,128,0,0,0,,,,,,,,
K22,1,0,0,0,128,0,0,0,,,,,,,,
K22,2,0,0,0,128,0,0,0,,,,,,,,
K22,3,128,128,128,256,128,128,128,,,,,,,,
K22,4,0,0,0,128,0,0,0,,,,,,,,
K22,5,0,0,0,128,0,0,0,,,,,,,,
K22,6,0,0,0,128,0,0,0,,,,,,,,
K23,0,0,0,0,0,0,128,0,0,0,0,0,,,,
K23,1,0,0,0,0,0,128,0,0,0,0,0,,,,
K23,2,0,0,0,0,0,128,0,0,0,0,0,,,,
K23,3,0,0,0,0,0,128,0,0,0,0,0,,,,
K23,4,0,0,0,0,0,128,0,0,0,0,0,,,,
K23,5,128,128,128,128,128,256,128,128,128,128,128,,,,
K23,6,0,0,0,0,0,128,0,0,0,0,0,,,,
K23,7,0,0,0,0,0,128,0,0,0,0,0,,,,
K23,8,0,0,0,0,0,128,0,0,0,0,0,,,,
K23,9,0,0,0,0,0,128,0,0,0,0,0,,,,
K23,10,0,0,0,0,0,128,0,0,0,0,0,,,,
